method,nominal,scope,n,coverage_%,se_%,miss_below_%,miss_above_%,avg_width_MW,avg_width_%cap
A empirical hour x season,80,All,3592,77.70044543429844,2.844739960532502,15.64587973273942,6.653674832962138,3521.881461602425,15.127517612397497
A empirical hour x season,80,Autumn,572,55.069930069930074,8.508059501840552,38.111888111888106,6.8181818181818175,3427.437522112961,14.654668273174202
A empirical hour x season,80,Summer,2972,81.89771197846568,2.723257654140109,11.574697173620457,6.527590847913863,3519.8595014641355,15.138023670492519
A empirical hour x season,80,Winter,48,87.5,,0.0,12.5,4772.531439081015,20.11180547442484
A empirical hour x season,95,All,3592,88.36302895322939,1.9999733242085749,8.463251670378618,3.173719376391982,4969.576147744768,21.34174086473409
A empirical hour x season,95,Autumn,572,77.97202797202797,6.793918554283783,18.356643356643357,3.6713286713286712,5609.660499817391,23.98523993597405
A empirical hour x season,95,Summer,2972,90.30955585464334,1.9635756451567505,6.6958277254374154,2.994616419919246,4804.251856583274,20.661872223596472
A empirical hour x season,95,Winter,48,91.66666666666666,,0.0,8.333333333333332,7578.2333132951,31.935243629562155
B QuantReg,80,All,3592,68.76391982182628,2.8164574079760505,18.73608017817372,12.5,3024.3889968336566,12.986250987514019
B QuantReg,80,Autumn,572,61.88811188811189,8.042882971814295,33.21678321678322,4.895104895104895,3838.572197154049,16.412741056430566
B QuantReg,80,Summer,2972,69.75100942126514,3.0171180540573848,16.251682368775235,13.997308209959622,2839.8523409104596,12.213369616818433
B QuantReg,80,Winter,48,89.58333333333334,,0.0,10.416666666666668,4747.933805593545,20.008149201826992
B QuantReg,95,All,3592,83.10133630289532,1.9314340819598839,9.020044543429844,7.878619153674833,5066.548628236589,21.749829535446004
B QuantReg,95,Autumn,572,83.91608391608392,3.5098813825349136,13.286713286713287,2.797202797202797,6922.925599815425,29.6006196509634
B QuantReg,95,Summer,2972,82.77254374158815,2.2373554526998523,8.344549125168237,8.882907133243608,4620.645162805174,19.87183770647264
B QuantReg,95,Winter,48,93.75,,0.0,6.25,10553.57928488399,44.47357473613143
